<?xml version="1.0" encoding="UTF-8" standalone="yes"?>
<manifest>
  <control namespace="Netways.KAFD" constructor="ButtonLookup" version="0.0.1" display-name-key="PCF Lookup as Buttons" description-key="Shows lookup options as buttons" control-type="standard" api-version="1.3.15">
    <external-service-usage enabled="false"/>
    <property name="lookupField" display-name-key="Lookup_Field" description-key="Field to bind lookup" of-type="Lookup.Simple" usage="bound" required="true"/>
    <property name="status" display-name-key="Status_Field" description-key="Select the status lookup field" of-type="Lookup.Simple" usage="bound" required="false"/>
    <resources>
      <code path="bundle.js" order="1"/>
      <css path="css/ButtonLookup.css" order="2"/>
    </resources>
    <feature-usage>
      <uses-feature name="WebAPI" required="true"/>
    </feature-usage>
    <built-by name="pac" version="1.36.3"/>
  </control>
</manifest>